{"cameraMode":{"drawMode":0,"name":"Shaded","section":"Shading Mode"},"sceneLighting":false,"audioPlay":false,"sceneViewState":{"showFog":false,"showMaterialUpdate":false,"showSkybox":false,"showFlares":false,"showImageEffects":false,"showParticleSystems":false},"in2DMode":false,"pivot":{"x":1.0989515781402588,"y":1.5094010829925538,"z":-6.691041946411133},"rotation":{"x":0.18874049186706544,"y":-0.517742931842804,"z":0.11679330468177796,"w":0.8264942765235901},"size":1.7320507764816285,"orthographic":false}