{"cameraMode":{"drawMode":2,"name":"Shaded Wireframe","section":"Shading Mode"},"sceneLighting":true,"audioPlay":false,"sceneViewState":{"showFog":false,"showMaterialUpdate":false,"showSkybox":false,"showFlares":false,"showImageEffects":false,"showParticleSystems":false},"in2DMode":false,"pivot":{"x":-15.656475067138672,"y":-1.755332112312317,"z":36.61894989013672},"rotation":{"x":0.25981301069259646,"y":-0.008877160958945752,"z":0.0011723913485184312,"w":0.9658551216125488},"size":5.107964992523193,"orthographic":false}