{"cameraMode":{"drawMode":0,"name":"Shaded","section":"Shading Mode"},"sceneLighting":true,"audioPlay":false,"sceneViewState":{"showFog":false,"showMaterialUpdate":false,"showSkybox":false,"showFlares":false,"showImageEffects":false,"showParticleSystems":false},"in2DMode":false,"pivot":{"x":-5.7844696044921879,"y":4.825138568878174,"z":18.3673095703125},"rotation":{"x":0.007731212768703699,"y":0.9775233268737793,"z":-0.03696421906352043,"w":0.2081986963748932},"size":1.2247449159622193,"orthographic":false}