{"cameraMode":{"drawMode":0,"name":"Shaded","section":"Shading Mode"},"sceneLighting":false,"audioPlay":false,"sceneViewState":{"showFog":true,"showMaterialUpdate":true,"showSkybox":false,"showFlares":true,"showImageEffects":true,"showParticleSystems":true},"in2DMode":false,"pivot":{"x":-1.0092239379882813,"y":1.1975058317184449,"z":-0.48020124435424807},"rotation":{"x":0.0009145179647020996,"y":-0.979411780834198,"z":0.004406091757118702,"w":0.20201602578163148},"size":1.6108102798461915,"orthographic":false}