{"cameraMode":{"drawMode":2,"name":"Shaded Wireframe","section":"Shading Mode"},"sceneLighting":true,"audioPlay":false,"sceneViewState":{"showFog":false,"showMaterialUpdate":false,"showSkybox":false,"showFlares":false,"showImageEffects":false,"showParticleSystems":false},"in2DMode":false,"pivot":{"x":3.3561203479766847,"y":1.4178376197814942,"z":-15.981539726257325},"rotation":{"x":-0.15359483659267426,"y":0.7118805646896362,"z":-0.16225720942020417,"w":-0.6661811470985413},"size":1.2247449159622193,"orthographic":false}