{"cameraMode":{"drawMode":0,"name":"Shaded","section":"Shading Mode"},"sceneLighting":true,"audioPlay":false,"sceneViewState":{"showFog":false,"showMaterialUpdate":false,"showSkybox":false,"showFlares":false,"showImageEffects":false,"showParticleSystems":false},"in2DMode":false,"pivot":{"x":-18.945934295654298,"y":-2.59533429145813,"z":2.776468276977539},"rotation":{"x":-0.26094403862953188,"y":0.11136143654584885,"z":-0.0302364993840456,"w":-0.9585952758789063},"size":4.90051794052124,"orthographic":false}