{"cameraMode":{"drawMode":0,"name":"Shaded","section":"Shading Mode"},"sceneLighting":false,"audioPlay":false,"sceneViewState":{"showFog":false,"showMaterialUpdate":false,"showSkybox":false,"showFlares":false,"showImageEffects":false,"showParticleSystems":false},"in2DMode":false,"pivot":{"x":3.148627281188965,"y":1.0422379970550538,"z":16.320308685302736},"rotation":{"x":-0.0040573496371507648,"y":0.9976319670677185,"z":-0.064641073346138,"w":-0.035228781402111056},"size":17.280445098876954,"orthographic":false}