{"cameraMode":{"drawMode":0,"name":"Shaded","section":"Shading Mode"},"sceneLighting":false,"audioPlay":false,"sceneViewState":{"showFog":false,"showMaterialUpdate":false,"showSkybox":false,"showFlares":false,"showImageEffects":false,"showParticleSystems":false},"in2DMode":false,"pivot":{"x":59.73731231689453,"y":1.7993519306182862,"z":11.367027282714844},"rotation":{"x":-0.0008008982986211777,"y":0.9966554045677185,"z":0.023891005665063859,"w":-0.08347316831350327},"size":7.53649377822876,"orthographic":false}