{"cameraMode":{"drawMode":0,"name":"Shaded","section":"Shading Mode"},"sceneLighting":false,"audioPlay":false,"sceneViewState":{"showFog":false,"showMaterialUpdate":false,"showSkybox":false,"showFlares":false,"showImageEffects":false,"showParticleSystems":false},"in2DMode":false,"pivot":{"x":-0.569807231426239,"y":2.0872554779052736,"z":0.30710816383361819},"rotation":{"x":-0.003006812883540988,"y":-0.9955477714538574,"z":0.07069019973278046,"w":-0.06743164360523224},"size":1.2247449159622193,"orthographic":false}