{"cameraMode":{"drawMode":0,"name":"Shaded","section":"Shading Mode"},"sceneLighting":false,"audioPlay":false,"sceneViewState":{"showFog":false,"showMaterialUpdate":false,"showSkybox":false,"showFlares":false,"showImageEffects":false,"showParticleSystems":false},"in2DMode":false,"pivot":{"x":-0.33054089546203616,"y":1.7378878593444825,"z":-0.652999758720398},"rotation":{"x":-0.0736493319272995,"y":-0.8919714689254761,"z":0.16192227602005006,"w":-0.4164503514766693},"size":1.2247449159622193,"orthographic":false}