{"cameraMode":{"drawMode":0,"name":"Shaded","section":"Shading Mode"},"sceneLighting":false,"audioPlay":false,"sceneViewState":{"showFog":false,"showMaterialUpdate":false,"showSkybox":false,"showFlares":false,"showImageEffects":false,"showParticleSystems":false},"in2DMode":false,"pivot":{"x":-0.5357335805892944,"y":2.8522512912750246,"z":2.6372342109680177},"rotation":{"x":0.012949686497449875,"y":-0.926271915435791,"z":0.022557606920599939,"w":0.37722158432006838},"size":1.5309311151504517,"orthographic":false}