{"cameraMode":{"drawMode":0,"name":"Shaded","section":"Shading Mode"},"sceneLighting":true,"audioPlay":false,"sceneViewState":{"showFog":false,"showMaterialUpdate":false,"showSkybox":false,"showFlares":false,"showImageEffects":false,"showParticleSystems":false},"in2DMode":false,"pivot":{"x":81.80741882324219,"y":2.866321325302124,"z":56.70560073852539},"rotation":{"x":-0.12269037216901779,"y":-0.04760605841875076,"z":0.009542455896735192,"w":-0.9917110800743103},"size":17.308818817138673,"orthographic":false}