{"cameraMode":{"drawMode":0,"name":"Shaded","section":"Shading Mode"},"sceneLighting":false,"audioPlay":false,"sceneViewState":{"showFog":false,"showMaterialUpdate":false,"showSkybox":false,"showFlares":false,"showImageEffects":false,"showParticleSystems":false},"in2DMode":false,"pivot":{"x":-0.6507904529571533,"y":1.2720279693603516,"z":-1.44966721534729},"rotation":{"x":-0.12570111453533173,"y":-0.31220972537994387,"z":-0.04305628687143326,"w":0.9408855438232422},"size":0.1825634241104126,"orthographic":false}