{"cameraMode":{"drawMode":0,"name":"Shaded","section":"Shading Mode"},"sceneLighting":false,"audioPlay":false,"sceneViewState":{"showFog":true,"showMaterialUpdate":true,"showSkybox":false,"showFlares":true,"showImageEffects":true,"showParticleSystems":true},"in2DMode":false,"pivot":{"x":-0.25788724422454836,"y":2.0561113357543947,"z":1.5670527219772339},"rotation":{"x":-0.1367993801832199,"y":-0.8248153924942017,"z":0.22561633586883546,"w":-0.5001459717750549},"size":1.6108102798461915,"orthographic":false}