{"cameraMode":{"drawMode":0,"name":"Shaded","section":"Shading Mode"},"sceneLighting":true,"audioPlay":false,"sceneViewState":{"showFog":false,"showMaterialUpdate":false,"showSkybox":false,"showFlares":false,"showImageEffects":false,"showParticleSystems":false},"in2DMode":false,"pivot":{"x":-8.496119499206543,"y":20.5970516204834,"z":-16.81760597229004},"rotation":{"x":-0.3943363428115845,"y":-0.01723848283290863,"z":0.010357719846069813,"w":-0.9193054437637329},"size":1.4926669597625733,"orthographic":false}