{"cameraMode":{"drawMode":0,"name":"Shaded","section":"Shading Mode"},"sceneLighting":false,"audioPlay":false,"sceneViewState":{"showFog":false,"showMaterialUpdate":false,"showSkybox":false,"showFlares":false,"showImageEffects":false,"showParticleSystems":false},"in2DMode":false,"pivot":{"x":73.71115112304688,"y":-0.5154068470001221,"z":62.589481353759769},"rotation":{"x":0.2012382298707962,"y":0.41420668363571169,"z":-0.09717057645320893,"w":0.8827879428863525},"size":4.398930072784424,"orthographic":false}