{"cameraMode":{"drawMode":0,"name":"Shaded","section":"Shading Mode"},"sceneLighting":false,"audioPlay":false,"sceneViewState":{"showFog":true,"showMaterialUpdate":true,"showSkybox":false,"showFlares":true,"showImageEffects":true,"showParticleSystems":true},"in2DMode":false,"pivot":{"x":-0.8714207410812378,"y":1.7900290489196778,"z":1.021216630935669},"rotation":{"x":-0.11979124695062638,"y":-0.8771539926528931,"z":0.2872803211212158,"w":-0.36579251289367678},"size":1.6108102798461915,"orthographic":false}