{"cameraMode":{"drawMode":0,"name":"Shaded","section":"Shading Mode"},"sceneLighting":false,"audioPlay":false,"sceneViewState":{"showFog":false,"showMaterialUpdate":false,"showSkybox":false,"showFlares":false,"showImageEffects":false,"showParticleSystems":false},"in2DMode":false,"pivot":{"x":-0.3197547197341919,"y":-0.6286787986755371,"z":1.439300298690796},"rotation":{"x":0.18346799910068513,"y":-0.5903010368347168,"z":0.13987097144126893,"w":0.7737010717391968},"size":1.8252052068710328,"orthographic":false}