{"cameraMode":{"drawMode":0,"name":"Shaded","section":"Shading Mode"},"sceneLighting":false,"audioPlay":false,"sceneViewState":{"showFog":false,"showMaterialUpdate":false,"showSkybox":false,"showFlares":false,"showImageEffects":false,"showParticleSystems":false},"in2DMode":false,"pivot":{"x":9.778792381286621,"y":2.5437774658203127,"z":3.1430375576019289},"rotation":{"x":0.07824176549911499,"y":-0.8819682002067566,"z":0.14820438623428346,"w":0.4415951371192932},"size":1.0805091857910157,"orthographic":false}