{"cameraMode":{"drawMode":0,"name":"Shaded","section":"Shading Mode"},"sceneLighting":false,"audioPlay":false,"sceneViewState":{"showFog":false,"showMaterialUpdate":false,"showSkybox":false,"showFlares":false,"showImageEffects":false,"showParticleSystems":false},"in2DMode":false,"pivot":{"x":-0.7944134473800659,"y":3.3811633586883547,"z":4.38995361328125},"rotation":{"x":-0.0007135752239264548,"y":-0.9865853786468506,"z":0.1645784229040146,"w":-0.015096616931259632},"size":1.2247449159622193,"orthographic":false}