{"cameraMode":{"drawMode":0,"name":"Shaded","section":"Shading Mode"},"sceneLighting":false,"audioPlay":false,"sceneViewState":{"showFog":true,"showMaterialUpdate":true,"showSkybox":false,"showFlares":true,"showImageEffects":true,"showParticleSystems":true},"in2DMode":false,"pivot":{"x":-8.521058082580567,"y":2.721386432647705,"z":-13.224638938903809},"rotation":{"x":-0.005591643042862415,"y":-0.9505288600921631,"z":-0.016827760264277459,"w":0.31019631028175356},"size":10.756035804748536,"orthographic":false}