{"cameraMode":{"drawMode":0,"name":"Shaded","section":"Shading Mode"},"sceneLighting":false,"audioPlay":false,"sceneViewState":{"showFog":true,"showMaterialUpdate":true,"showSkybox":false,"showFlares":true,"showImageEffects":true,"showParticleSystems":true},"in2DMode":false,"pivot":{"x":2.550891399383545,"y":4.2759222984313969,"z":11.278423309326172},"rotation":{"x":0.0026047946885228159,"y":-0.9963849186897278,"z":0.03289220109581947,"w":0.07878806442022324},"size":1.6108102798461915,"orthographic":false}