{"cameraMode":{"drawMode":0,"name":"Shaded","section":"Shading Mode"},"sceneLighting":false,"audioPlay":false,"sceneViewState":{"showFog":false,"showMaterialUpdate":false,"showSkybox":false,"showFlares":false,"showImageEffects":false,"showParticleSystems":false},"in2DMode":false,"pivot":{"x":-0.9934127330780029,"y":1.2806981801986695,"z":-0.8136335611343384},"rotation":{"x":0.17526976764202119,"y":-0.7000740170478821,"z":0.18184305727481843,"w":0.6682257652282715},"size":1.7320507764816285,"orthographic":false}