{"cameraMode":{"drawMode":0,"name":"Shaded","section":"Shading Mode"},"sceneLighting":false,"audioPlay":false,"sceneViewState":{"showFog":true,"showMaterialUpdate":true,"showSkybox":false,"showFlares":true,"showImageEffects":true,"showParticleSystems":true},"in2DMode":false,"pivot":{"x":0.19370198249816895,"y":1.4474830627441407,"z":0.33278608322143557},"rotation":{"x":-0.12587668001651765,"y":-0.3995531499385834,"z":0.05549221858382225,"w":-0.9063542485237122},"size":1.722885012626648,"orthographic":false}