{"cameraMode":{"drawMode":0,"name":"Shaded","section":"Shading Mode"},"sceneLighting":false,"audioPlay":false,"sceneViewState":{"showFog":true,"showMaterialUpdate":true,"showSkybox":false,"showFlares":true,"showImageEffects":true,"showParticleSystems":true},"in2DMode":false,"pivot":{"x":3.672581672668457,"y":-0.000006407499313354492,"z":1.3237035274505616},"rotation":{"x":-0.1367993801832199,"y":-0.8248153924942017,"z":0.22561633586883546,"w":-0.5001459717750549},"size":2.316049575805664,"orthographic":false}