{"cameraMode":{"drawMode":0,"name":"Shaded","section":"Shading Mode"},"sceneLighting":false,"audioPlay":false,"sceneViewState":{"showFog":true,"showMaterialUpdate":true,"showSkybox":false,"showFlares":true,"showImageEffects":true,"showParticleSystems":true},"in2DMode":false,"pivot":{"x":-0.09854205697774887,"y":1.2826755046844483,"z":-1.2119954824447632},"rotation":{"x":0.007609743624925613,"y":-0.987922728061676,"z":0.14627932012081147,"w":0.05132696405053139},"size":1.6108102798461915,"orthographic":false}