{"cameraMode":{"drawMode":0,"name":"Shaded","section":"Shading Mode"},"sceneLighting":true,"audioPlay":false,"sceneViewState":{"showFog":false,"showMaterialUpdate":false,"showSkybox":false,"showFlares":false,"showImageEffects":false,"showParticleSystems":false},"in2DMode":false,"pivot":{"x":0.7355282306671143,"y":1.285114049911499,"z":0.6115736961364746},"rotation":{"x":0.10419850051403046,"y":-0.7565761208534241,"z":0.11969809234142304,"w":0.63515704870224},"size":1.7320507764816285,"orthographic":false}