{"cameraMode":{"drawMode":0,"name":"Shaded","section":"Shading Mode"},"sceneLighting":false,"audioPlay":false,"sceneViewState":{"showFog":false,"showMaterialUpdate":false,"showSkybox":false,"showFlares":false,"showImageEffects":false,"showParticleSystems":false},"in2DMode":false,"pivot":{"x":28.800222396850587,"y":-18.327638626098634,"z":21.46883773803711},"rotation":{"x":-0.17250429093837739,"y":-0.8022530674934387,"z":0.2814148962497711,"w":-0.49809712171554568},"size":17.280445098876954,"orthographic":false}