{"cameraMode":{"drawMode":0,"name":"Shaded","section":"Shading Mode"},"sceneLighting":true,"audioPlay":false,"sceneViewState":{"showFog":false,"showMaterialUpdate":false,"showSkybox":false,"showFlares":false,"showImageEffects":false,"showParticleSystems":false},"in2DMode":false,"pivot":{"x":-8.191047668457032,"y":-21.02090835571289,"z":46.573184967041019},"rotation":{"x":0.22517873346805573,"y":0.1462600827217102,"z":-0.0342576690018177,"w":0.9627510905265808},"size":28.180618286132814,"orthographic":false}