{"cameraMode":{"drawMode":0,"name":"Shaded","section":"Shading Mode"},"sceneLighting":true,"audioPlay":false,"sceneViewState":{"showFog":false,"showMaterialUpdate":false,"showSkybox":false,"showFlares":false,"showImageEffects":false,"showParticleSystems":false},"in2DMode":false,"pivot":{"x":6.523270606994629,"y":1.5,"z":0.7330818176269531},"rotation":{"x":0.13390354812145234,"y":0.2347523719072342,"z":-0.032699182629585269,"w":0.9623119831085205},"size":1.2247449159622193,"orthographic":false}